metric,value
Threshold,0.2499999999999999
TN,1805.0
FP,90.0
FN,65.0
TP,134.0
Precision,0.5982142857142857
Recall,0.6733668341708543
F1,0.6335697399527187
Accuracy,0.9259789875835721
Specificity,0.9525065963060686
False Positive Rate,0.047493403693931395
False Negative Rate,0.32663316582914576
Negative Predictive Value,0.9652406417112299
Balanced Accuracy,0.8129367152384614
AUPRC,0.647211160991473
